Frame,Time,FaceDetected,LeftIrisX,LeftIrisY,RightIrisX,RightIrisY,EAR,Blink,TotalBlinks,Yaw,Pitch,Roll,HorizontalGaze,VerticalGaze,OnScreen,HorizontalRatio,VerticalRatio,AttentionState
1,0.04,True,630.0,291.0,763.0,297.0,0.2564,False,0,-4.514943287979931,-19.415645549324513,-175.4738270826831,Center,Up,False,0.472,0.419,Looking Up
2,0.081,True,632.0,296.0,765.0,301.0,0.2565,False,0,-4.866043739768556,-21.59956375845873,-175.2155356489242,Center,Up,False,0.476,0.479,Looking Up
3,0.121,True,633.0,302.0,765.0,308.0,0.2593,False,0,-4.8477746890175775,-20.616049291199463,-175.50853518993998,Center,Up,False,0.472,0.462,Looking Up
4,0.162,True,633.0,301.0,766.0,307.0,0.2599,False,0,-4.86288026866681,-22.440485560083776,-175.43091906685257,Center,Up,False,0.467,0.435,Looking Up
5,0.202,True,635.0,294.0,768.0,300.0,0.2538,False,0,-4.916093848348111,-22.055710911202922,-175.68301400870374,Center,Up,False,0.477,0.445,Looking Up
6,0.243,True,639.0,297.0,771.0,303.0,0.2663,False,0,-5.61767260597076,-22.603983078896093,-175.00335782399728,Center,Up,False,0.467,0.453,Looking Up
7,0.283,True,643.0,304.0,774.0,310.0,0.2511,False,0,-5.089053183704023,-21.592965666318605,-175.39890251051457,Center,Up,False,0.476,0.478,Looking Up
8,0.323,True,645.0,296.0,777.0,303.0,0.2641,False,0,-4.426343122277658,-22.257403489435372,-175.76268519388205,Center,Up,False,0.471,0.451,Looking Up
9,0.364,True,647.0,294.0,780.0,300.0,0.2609,False,0,-4.18275111709513,-22.06071969974189,-176.22529836814508,Center,Up,False,0.475,0.507,Looking Up
10,0.404,True,649.0,298.0,782.0,303.0,0.2794,False,0,-4.363357429105986,-20.633765462728817,-176.40958212834101,Center,Up,False,0.471,0.471,Looking Up
11,0.445,True,651.0,299.0,783.0,304.0,0.289,False,0,-3.4415146473926095,-22.0916699378949,-176.72736629178465,Center,Up,False,0.46,0.471,Looking Up
12,0.485,True,653.0,291.0,787.0,296.0,0.2927,False,0,-3.101419269085333,-20.9965325538296,-177.20124019236604,Center,Up,False,0.45,0.437,Looking Up
13,0.525,True,659.0,292.0,792.0,297.0,0.2651,False,0,-2.229698228490342,-18.064653561323595,-177.5264345234041,Center,Up,False,0.463,0.467,Looking Up
14,0.566,True,662.0,295.0,795.0,300.0,0.2571,False,0,-2.1558238777944654,-16.016266210619158,-177.28072379527416,Center,Up,False,0.454,0.443,Looking Up
15,0.606,True,664.0,293.0,797.0,299.0,0.2574,False,0,-1.4800190575331469,-15.999723211029742,-177.56813074111423,Center,Up,False,0.448,0.413,Looking Up
16,0.647,True,666.0,289.0,799.0,296.0,0.2563,False,0,-1.2897128701236842,-14.917503379156818,-177.29347433803292,Center,Up,False,0.427,0.406,Looking Up
17,0.687,True,668.0,291.0,801.0,298.0,0.2562,False,0,-1.2446531539840924,-14.734748520181189,-177.1215331100286,Center,Up,False,0.426,0.411,Looking Up
18,0.728,True,670.0,292.0,802.0,299.0,0.2535,False,0,-0.9626208340642632,-14.86771319847909,-177.23696548178114,Center,Up,False,0.434,0.416,Looking Up
19,0.768,True,672.0,290.0,805.0,297.0,0.2597,False,0,-0.25336724032053043,-13.857867800361685,-177.532275683748,Center,Up,False,0.409,0.396,Looking Up
20,0.808,True,676.0,289.0,808.0,296.0,0.2637,False,0,0.25863602735964436,-14.016676076550327,-177.68119490899434,Center,Up,False,0.421,0.39,Looking Up
21,0.849,True,679.0,290.0,811.0,298.0,0.2597,False,0,0.22737474362061177,-13.29386125772958,-177.41527137156254,Center,Up,False,0.424,0.368,Looking Up
22,0.889,True,680.0,289.0,813.0,297.0,0.2584,False,0,0.3925809493525359,-13.538471859628805,-177.42653914489932,Center,Up,False,0.417,0.385,Looking Up
23,0.93,True,681.0,289.0,814.0,296.0,0.2652,False,0,-0.0016196992925881064,-13.376116498863873,-177.2204623919565,Center,Up,False,0.422,0.378,Looking Up
24,0.97,True,682.0,289.0,815.0,298.0,0.2703,False,0,0.4561948996259776,-13.992001702753075,-177.2203428779401,Center,Up,False,0.418,0.359,Looking Up
25,1.011,True,682.0,289.0,814.0,297.0,0.2596,False,0,0.7584035869675095,-12.828763212777025,-177.50454184123015,Center,Up,False,0.424,0.383,Looking Up
26,1.051,True,682.0,289.0,814.0,297.0,0.2619,False,0,0.6943888179928382,-12.827903796704822,-177.39387948334698,Center,Up,False,0.415,0.367,Looking Up
27,1.091,True,684.0,290.0,816.0,298.0,0.2616,False,0,0.7751758447784795,-14.010105056613558,-177.41497762456754,Center,Up,False,0.424,0.38,Looking Up
28,1.132,True,685.0,289.0,816.0,297.0,0.2604,False,0,0.6414953643469405,-12.822632729187951,-177.15610541510085,Center,Up,False,0.431,0.377,Looking Up
29,1.172,True,686.0,289.0,818.0,297.0,0.2561,False,0,1.1153671731248838,-13.006212647864658,-177.46693560506625,Center,Up,False,0.43,0.388,Looking Up
30,1.213,True,692.0,287.0,823.0,296.0,0.254,False,0,2.7979631695404783,-11.760848333631937,-178.16752014480946,Center,Center,True,0.405,0.407,Focused
31,1.253,True,706.0,285.0,835.0,292.0,0.2489,False,0,4.247929122612308,-11.710986184863113,-179.92056922356926,Center,Center,True,0.404,0.423,Focused
32,1.294,True,728.0,279.0,851.0,286.0,0.2419,False,0,9.355835910523677,-10.029484808131393,177.87722946291765,Left,Center,False,0.38,0.557,Looking Left
33,1.334,True,783.0,272.0,883.0,282.0,0.2023,True,1,8.369594536468698,-11.8234946614466,-2.0959366768998007,Right,Down,False,0.641,0.958,Blink
34,1.374,True,831.0,266.0,913.0,274.0,0.3431,False,1,25.543393760086865,3.6356813983274874,176.40329446132213,Right,Down,False,0.757,1.096,Looking Right
35,1.415,True,870.0,262.0,930.0,267.0,0.5096,False,1,60.62652594404095,25.038748689765256,9.994646337334526,Right,Down,False,0.792,1.117,Looking Right
36,1.455,True,888.0,256.0,949.0,264.0,0.4691,False,1,45.412030051945464,6.626216258120079,177.78977287211882,Right,Down,False,0.691,0.706,Looking Right
37,1.496,True,902.0,250.0,954.0,262.0,0.6217,False,1,49.01879645445323,3.373276451160376,175.9189336458436,Right,Center,False,0.611,0.593,Looking Right
38,1.536,True,913.0,245.0,957.0,260.0,0.8143,False,1,-60.66485962958176,-41.03529696537964,-167.900833044776,Left,Up,False,0.556,0.554,Looking Left
39,1.576,True,924.0,243.0,966.0,255.0,1.0878,False,1,53.36453386775951,-1.0940098411257462,171.89914451071175,Right,Down,False,0.632,0.681,Looking Right
40,1.617,True,937.0,242.0,980.0,253.0,0.9559,False,1,52.67692367247584,-3.857905759190115,-12.281981040412575,Right,Down,False,0.626,0.674,Looking Right
41,1.657,True,954.0,237.0,990.0,246.0,0.9613,False,1,54.61825820416003,-11.221483121828086,-15.841781001270585,Right,Down,False,0.65,0.683,Looking Right
42,1.698,True,970.0,233.0,1004.0,242.0,0.8826,False,1,79.51196877756466,47.36914082235858,35.59741363346001,Right,Down,False,0.731,0.83,Looking Right
43,1.738,True,981.0,232.0,1023.0,241.0,1.0944,False,1,20.01122498563105,-16.36868692921158,-11.368858125795478,Right,Up,False,0.683,0.711,Looking Right
44,1.779,True,990.0,228.0,1032.0,228.0,1.0516,False,1,78.87844596201435,56.035091167024746,44.09079747917179,Right,Down,False,0.694,0.693,Looking Right
45,1.819,True,1001.0,226.0,1035.0,236.0,0.9646,False,1,-61.10727922229504,-41.67111351409848,-169.29485519698068,Left,Up,False,0.771,1.006,Looking Left
46,1.859,True,1001.0,224.0,1043.0,221.0,1.2149,False,1,-6.226329411171414,-10.499486901428329,-9.695357589967852,Right,Down,False,0.723,0.707,Looking Right
47,1.9,True,1002.0,223.0,1046.0,224.0,1.144,False,1,78.91244216462857,49.03809787616982,37.27755970564063,Right,Down,False,0.647,0.599,Looking Right
48,1.94,True,1001.0,221.0,1049.0,220.0,0.9911,False,1,-61.556453134132575,-42.243461859064745,-164.07057650712963,Left,Up,False,0.612,0.511,Looking Left
49,1.981,True,999.0,220.0,1043.0,226.0,1.0062,False,1,48.83382910721863,2.4185001196997917,173.88231274723168,Right,Down,False,0.681,0.635,Looking Right
50,2.021,True,993.0,218.0,1041.0,230.0,1.021,False,1,49.13269469127871,3.831505071923782,176.39286756342887,Right,Center,False,0.646,0.574,Looking Right
51,2.062,True,982.0,218.0,1033.0,228.0,0.8619,False,1,49.27824508703455,3.9486118476309917,175.29807824558551,Right,Center,False,0.688,0.569,Looking Right
52,2.102,True,969.0,217.0,1024.0,229.0,0.793,False,1,46.57895204029809,4.611966871983445,176.73771794163986,Right,Center,False,0.647,0.473,Looking Right
53,2.142,True,955.0,217.0,1008.0,234.0,0.8678,False,1,48.26051619225713,5.813893870482777,178.35089643280148,Right,Center,False,0.699,0.615,Looking Right
54,2.183,True,937.0,216.0,991.0,227.0,0.6726,False,1,48.568378013009216,6.063933008280208,177.99597342891462,Right,Center,False,0.617,0.46,Looking Right
55,2.223,True,915.0,215.0,972.0,231.0,0.5655,False,1,47.352690937769516,8.870568947550668,-178.7686506422607,Right,Center,False,0.618,0.51,Looking Right
56,2.264,True,888.0,214.0,945.0,224.0,0.4281,False,1,30.315484756035033,-7.500655693551721,170.29111131948886,Right,Center,False,0.594,0.515,Looking Right
57,2.304,True,858.0,213.0,921.0,225.0,0.4788,False,1,45.267515059544294,12.817826146246338,-178.3176976506526,Right,Down,False,0.639,0.635,Looking Right
58,2.344,True,830.0,216.0,896.0,232.0,0.4679,False,1,40.87686874515688,18.355161022246673,-177.84619411052927,Right,Down,False,0.744,0.883,Looking Right
59,2.385,True,798.0,215.0,869.0,227.0,0.3987,False,1,39.76712899772067,21.185127134386683,-179.93108655057696,Right,Down,False,0.739,0.913,Looking Right
60,2.425,True,755.0,216.0,836.0,228.0,0.3202,False,1,48.94211921424571,38.55239533339543,15.559378939004937,Right,Down,False,0.705,0.808,Looking Right
61,2.466,True,727.0,220.0,806.0,233.0,0.1822,True,2,25.920477331998423,16.335392720416163,-179.4983819840838,Closed,Closed,False,0.917,1.663,Blink
62,2.506,True,662.0,232.0,775.0,239.0,0.1436,False,2,19.25469412501361,26.091308715084697,-177.95594409082358,Closed,Closed,False,0.529,0.493,Eyes Closed
63,2.547,True,626.0,239.0,737.0,244.0,0.0939,False,2,19.365885030116097,38.284021482169045,4.236009626950572,Closed,Closed,False,0.54,0.369,Eyes Closed
64,2.587,True,599.0,238.0,710.0,236.0,0.1499,False,2,14.538244689771119,35.98892231325128,1.581076486474069,Closed,Closed,False,0.572,0.669,Eyes Closed
65,2.627,True,570.0,233.0,687.0,227.0,0.2714,False,2,7.675745428378763,24.32352135309232,177.92428190300546,Left,Down,False,0.369,0.675,Looking Left
66,2.668,True,570.0,232.0,686.0,226.0,0.2961,False,2,4.124550034533395,22.77154772648428,177.08457000482355,Left,Down,False,0.378,0.566,Looking Left
67,2.708,True,588.0,226.0,702.0,222.0,0.2566,False,2,1.907607068479658,33.44386916819287,-1.7190614470501266,Center,Down,False,0.515,0.473,Looking Down
68,2.749,True,602.0,220.0,718.0,220.0,0.2783,False,2,0.8826245894644038,35.25146857700232,-0.5446723881462493,Center,Down,False,0.53,0.445,Looking Down
69,2.789,True,622.0,216.0,738.0,216.0,0.2562,False,2,1.0459303121174284,34.90445790295895,-0.22027646978229956,Center,Down,False,0.497,0.48,Looking Down
70,2.83,True,644.0,215.0,765.0,215.0,0.2562,False,2,-5.058243168718062,24.069551184169743,-179.42433588033126,Center,Down,False,0.497,0.484,Looking Down
71,2.87,True,665.0,211.0,786.0,211.0,0.2618,False,2,-6.3513380932652534,22.9416920524087,-178.99946595264169,Center,Down,False,0.516,0.481,Looking Down
72,2.91,True,683.0,210.0,808.0,208.0,0.2862,False,2,-6.929804364457588,25.561832904898868,-179.56140955812907,Center,Down,False,0.528,0.52,Looking Down
73,2.951,True,698.0,210.0,824.0,210.0,0.2866,False,2,-6.079855076418142,26.315555904009592,-179.19934472753815,Center,Down,False,0.522,0.556,Looking Down
74,2.991,True,710.0,210.0,836.0,207.0,0.3264,False,2,-7.96736480397813,26.054116951411167,-179.4363545121787,Center,Down,False,0.536,0.564,Looking Down
75,3.032,True,715.0,208.0,844.0,204.0,0.3309,False,2,-8.559985329593514,24.368417343669044,-179.10002995167744,Center,Down,False,0.507,0.546,Looking Down
76,3.072,True,715.0,207.0,846.0,204.0,0.336,False,2,-9.961620968768617,27.18182816488762,-179.3699814205348,Center,Down,False,0.513,0.53,Looking Down
77,3.112,True,712.0,210.0,842.0,207.0,0.3441,False,2,-10.927804249362921,27.065402280772172,-179.47237283508122,Center,Down,False,0.552,0.556,Looking Down
78,3.153,True,700.0,217.0,829.0,215.0,0.2978,False,2,-11.096971508276866,27.477594688211553,179.98618868025775,Center,Down,False,0.509,0.526,Looking Down
79,3.193,True,690.0,229.0,817.0,226.0,0.2498,False,2,-1.8619987721496931,37.07942684744845,-1.7250203844612801,Center,Down,False,0.475,0.501,Looking Down
80,3.234,True,678.0,237.0,808.0,233.0,0.2394,False,2,-1.4248096253512315,34.90754376891134,-1.9763808788357424,Center,Down,False,0.486,0.499,Looking Down
81,3.274,True,668.0,246.0,797.0,242.0,0.2247,False,2,-1.4101645400986575,32.06509785327325,-2.021035835183395,Center,Down,False,0.459,0.439,Looking Down
82,3.315,True,660.0,255.0,791.0,252.0,0.2068,True,3,-1.8261473604184595,27.194978591114786,-1.9834391321776892,Center,Down,False,0.452,0.393,Blink
83,3.355,True,655.0,269.0,786.0,267.0,0.171,False,3,-2.2294796793086222,20.23397632161398,-1.464114075470306,Closed,Closed,False,0.471,0.268,Eyes Closed
84,3.395,True,650.0,283.0,779.0,283.0,0.1648,False,3,-2.432576133696091,13.700753227619073,-0.6447253190872698,Closed,Closed,False,0.513,0.417,Eyes Closed
85,3.436,True,648.0,296.0,774.0,296.0,0.1576,False,3,-6.615832581987376,-19.518397464498758,-178.17671790762947,Closed,Closed,False,0.52,0.537,Eyes Closed
86,3.476,True,644.0,311.0,775.0,311.0,0.1974,False,3,-5.717335837479031,-23.643340142047055,-178.5800504038543,Closed,Closed,False,0.499,0.451,Looking Closed
87,3.517,True,643.0,323.0,774.0,323.0,0.2128,False,3,-6.305438962382514,-25.004552886104154,-178.0357969605036,Center,Up,False,0.487,0.481,Looking Up
88,3.557,True,645.0,332.0,771.0,333.0,0.1847,False,3,-6.433427203460273,-27.525139669959387,-177.433348683379,Closed,Closed,False,0.483,0.547,Looking Closed
89,3.598,True,651.0,339.0,763.0,340.0,0.1758,False,3,1.5288504794632864,-38.089382770636185,3.353379997417992,Closed,Closed,False,0.515,0.688,Eyes Closed
90,3.638,True,655.0,345.0,773.0,348.0,0.1363,False,3,2.0458695522549237,-39.86490870326145,3.8637933772467927,Closed,Closed,False,0.543,0.807,Eyes Closed
91,3.678,True,657.0,351.0,771.0,356.0,0.1491,False,3,1.5214989684302889,-43.57638386706,4.9898883944178545,Closed,Closed,False,0.534,0.722,Eyes Closed
92,3.719,True,660.0,366.0,776.0,378.0,0.1733,False,3,-7.0302880400383145,-37.6788645475478,-174.58233119793047,Closed,Closed,False,0.531,0.593,Eyes Closed
93,3.759,True,663.0,397.0,780.0,407.0,0.1974,False,3,3.234274592877124,-54.062165110135474,4.435705490195984,Closed,Closed,False,0.507,0.565,Looking Closed
94,3.8,True,666.0,433.0,785.0,443.0,0.1864,False,3,-6.533157078063969,-46.04270152748903,-175.07525275434577,Closed,Closed,False,0.528,0.621,Looking Closed
95,3.84,True,669.0,455.0,785.0,468.0,0.1978,False,3,3.8680213758510824,-64.52515113901815,6.733391341887653,Closed,Closed,False,0.578,0.801,Looking Closed
96,3.881,True,669.0,458.0,783.0,472.0,0.2109,False,3,-5.815593039194332,-47.38967700891478,-172.73261202257444,Center,Up,False,0.563,0.754,Looking Up
97,3.921,True,671.0,458.0,783.0,474.0,0.1936,False,3,-5.546762498915333,-48.26003605591644,-173.01883920801725,Closed,Closed,False,0.596,0.826,Looking Closed
98,3.961,True,668.0,459.0,784.0,475.0,0.1956,False,3,-6.108721387813734,-47.635912903778234,-172.5882454713793,Closed,Closed,False,0.591,0.877,Looking Closed
99,4.002,True,668.0,461.0,783.0,476.0,0.2006,False,3,-6.718712221820241,-47.36942736455411,-172.1893575118889,Center,Up,False,0.581,0.873,Looking Up
100,4.042,True,666.0,464.0,785.0,479.0,0.1944,False,3,-5.645051032652261,-46.931847992481075,-172.69414233352995,Closed,Closed,False,0.523,0.686,Looking Closed
101,4.083,True,662.0,463.0,780.0,477.0,0.1983,False,3,3.4468015579148896,-64.00921684557699,6.729131716939155,Closed,Closed,False,0.528,0.668,Looking Closed
102,4.123,True,658.0,459.0,776.0,474.0,0.1779,False,3,2.1253022732801656,-66.44581295759443,6.888829590775909,Closed,Closed,False,0.576,0.742,Eyes Closed
103,4.163,True,651.0,450.0,768.0,465.0,0.1689,False,3,0.30988676749338046,-63.977358473923715,7.020665547226381,Closed,Closed,False,0.58,0.72,Eyes Closed
104,4.204,True,650.0,438.0,766.0,450.0,0.1736,False,3,0.4126740460247944,-61.70828938602935,6.282987099493194,Closed,Closed,False,0.538,0.682,Eyes Closed
105,4.244,True,650.0,422.0,766.0,431.0,0.1906,False,3,-6.459008249501768,-42.42561188894518,-175.45991096953867,Closed,Closed,False,0.512,0.656,Looking Closed
106,4.285,True,651.0,396.0,770.0,401.0,0.1875,False,3,-5.77117402551675,-40.47307162573369,-176.0135301371293,Closed,Closed,False,0.546,0.73,Looking Closed
107,4.325,True,646.0,364.0,788.0,365.0,0.2745,False,3,-6.116642878552431,-38.30748354763482,-176.7795378317436,Center,Up,False,0.481,0.4,Looking Up
108,4.366,True,648.0,351.0,790.0,355.0,0.309,False,3,-6.106802332242752,-36.507426707426255,-177.33233305715444,Center,Up,False,0.463,0.415,Looking Up
109,4.406,True,652.0,346.0,792.0,348.0,0.3185,False,3,-5.244127080942046,-35.4282711561012,-177.94646506403353,Center,Up,False,0.463,0.436,Looking Up
110,4.446,True,654.0,341.0,794.0,344.0,0.3092,False,3,2.6756024128991593,-43.843375062305974,2.2826905067864587,Center,Up,False,0.456,0.458,Looking Up
111,4.487,True,655.0,337.0,797.0,340.0,0.3038,False,3,-4.962767536891259,-33.956619019365334,-177.8713309783211,Center,Up,False,0.449,0.446,Looking Up
112,4.527,True,658.0,334.0,799.0,337.0,0.3044,False,3,-4.30702559159016,-33.61746848958868,-177.84843264127727,Center,Up,False,0.448,0.425,Looking Up
113,4.568,True,661.0,331.0,802.0,334.0,0.3043,False,3,3.9613627357528696,-40.75625602579682,2.2031570593607803,Center,Up,False,0.467,0.457,Looking Up
114,4.608,True,664.0,327.0,804.0,332.0,0.3033,False,3,4.3165488449337825,-39.76764076497339,2.4742441470667904,Center,Up,False,0.466,0.453,Looking Up
115,4.649,True,667.0,325.0,807.0,329.0,0.3002,False,3,4.763637092305806,-39.65343581248657,2.4686101494207144,Center,Up,False,0.473,0.462,Looking Up
116,4.689,True,670.0,323.0,809.0,328.0,0.2943,False,3,-4.339390496419117,-32.087514286878545,-177.22282157433267,Center,Up,False,0.478,0.458,Looking Up
117,4.729,True,673.0,322.0,811.0,327.0,0.2917,False,3,-4.0099570767986625,-31.366570212148087,-177.36101897752454,Center,Up,False,0.477,0.463,Looking Up
118,4.77,True,674.0,321.0,813.0,326.0,0.2895,False,3,5.502541846711062,-35.86446455186016,2.82021546099072,Center,Up,False,0.468,0.458,Looking Up
119,4.81,True,676.0,320.0,815.0,325.0,0.2862,False,3,-4.078662738833428,-31.476375456072827,-176.73224425331256,Center,Up,False,0.48,0.481,Looking Up
120,4.851,True,677.0,319.0,816.0,325.0,0.2951,False,3,-4.607028250653507,-30.561968241097556,-176.47868873737264,Center,Up,False,0.481,0.482,Looking Up
121,4.891,True,678.0,318.0,817.0,324.0,0.3028,False,3,-4.241854646303267,-29.867637079260245,-176.3878386917244,Center,Up,False,0.483,0.482,Looking Up
122,4.931,True,679.0,317.0,817.0,324.0,0.2868,False,3,-4.346577054454565,-29.474046945994548,-176.07453725451504,Center,Up,False,0.485,0.47,Looking Up
123,4.972,True,678.0,316.0,817.0,324.0,0.2924,False,3,5.01261654239704,-33.02787262967444,3.8516961116188924,Center,Up,False,0.475,0.468,Looking Up
124,5.012,True,678.0,316.0,817.0,323.0,0.29,False,3,-4.678743669208268,-29.39185863422206,-175.85747289210775,Center,Up,False,0.467,0.459,Looking Up
125,5.053,True,678.0,315.0,817.0,322.0,0.2982,False,3,-4.573813103577343,-29.165123169376212,-175.8642624464969,Center,Up,False,0.483,0.496,Looking Up
126,5.093,True,677.0,313.0,816.0,321.0,0.2924,False,3,-4.6385487243834005,-29.070808666927903,-176.06092708045352,Center,Up,False,0.466,0.452,Looking Up
127,5.134,True,674.0,312.0,814.0,320.0,0.2933,False,3,-4.812505976094866,-28.81477769913583,-176.10264489966025,Center,Up,False,0.441,0.427,Looking Up
128,5.174,True,673.0,311.0,813.0,318.0,0.2914,False,3,-4.710487289161669,-28.23922311387054,-176.12201141687822,Center,Up,False,0.445,0.416,Looking Up
129,5.214,True,671.0,311.0,811.0,317.0,0.2925,False,3,4.498925195317469,-30.00754674798294,3.8101823570956,Center,Up,False,0.441,0.406,Looking Up
130,5.255,True,669.0,310.0,809.0,316.0,0.2965,False,3,-4.514750168701144,-28.482531017798983,-176.30762219932066,Center,Up,False,0.459,0.439,Looking Up
131,5.295,True,667.0,310.0,806.0,316.0,0.2903,False,3,-4.877057596318449,-27.86025526238376,-176.2800269595844,Center,Up,False,0.466,0.454,Looking Up
132,5.336,True,665.0,310.0,804.0,316.0,0.2901,False,3,-5.015415912468664,-27.934248818947893,-176.32206406214354,Center,Up,False,0.468,0.449,Looking Up
133,5.376,True,662.0,310.0,801.0,315.0,0.2938,False,3,-5.22438811935915,-26.91097436553672,-176.4996874614965,Center,Up,False,0.477,0.474,Looking Up
134,5.417,True,660.0,310.0,799.0,314.0,0.287,False,3,-5.181733883375055,-27.086200152648594,-176.6861128711462,Center,Up,False,0.472,0.48,Looking Up
135,5.457,True,658.0,310.0,796.0,313.0,0.2804,False,3,-5.867601429253005,-25.868630738794916,-176.8428919620839,Center,Up,False,0.473,0.485,Looking Up
136,5.497,True,656.0,310.0,793.0,312.0,0.2762,False,3,-5.92315682815445,-24.7690669282849,-176.94780814824216,Center,Up,False,0.474,0.487,Looking Up
137,5.538,True,653.0,309.0,790.0,312.0,0.2796,False,3,-6.171478051129666,-25.30296923038719,-177.06296349147456,Center,Up,False,0.479,0.505,Looking Up
138,5.578,True,652.0,309.0,788.0,311.0,0.2748,False,3,-6.304054910847262,-25.13719866744385,-177.03976849947205,Center,Up,False,0.475,0.477,Looking Up
139,5.619,True,650.0,309.0,786.0,311.0,0.2729,False,3,-6.370969910093665,-25.27654772773681,-177.13378632298716,Center,Up,False,0.476,0.493,Looking Up
140,5.659,True,648.0,309.0,784.0,310.0,0.2824,False,3,-6.560631372040917,-25.292998597911783,-176.9989212788244,Center,Up,False,0.467,0.462,Looking Up
141,5.699,True,647.0,309.0,783.0,309.0,0.2802,False,3,-6.690733449413584,-24.2644295320562,-177.11239377239846,Center,Up,False,0.47,0.464,Looking Up
142,5.74,True,646.0,308.0,781.0,308.0,0.2881,False,3,-7.258223680829779,-23.48787863164806,-177.36889468710683,Center,Up,False,0.468,0.465,Looking Up
143,5.78,True,645.0,307.0,780.0,307.0,0.2857,False,3,-7.427674434350364,-22.82755600949154,-177.17012479696257,Center,Up,False,0.466,0.457,Looking Up
144,5.821,True,643.0,306.0,778.0,306.0,0.2918,False,3,-7.605774647840811,-22.804041552245913,-177.1633400359532,Center,Up,False,0.457,0.46,Looking Up
145,5.861,True,643.0,306.0,777.0,305.0,0.2934,False,3,-8.159369668752701,-22.165781302867753,-177.0550763681975,Center,Up,False,0.46,0.464,Looking Up
146,5.902,True,641.0,305.0,776.0,305.0,0.2835,False,3,-8.621929205547215,-21.120294913423532,-177.02983493398486,Center,Up,False,0.454,0.459,Looking Up
147,5.942,True,642.0,304.0,775.0,304.0,0.278,False,3,-8.69010290874597,-20.381554792577145,-177.00673757857942,Center,Up,False,0.463,0.471,Looking Up
148,5.982,True,641.0,304.0,774.0,304.0,0.2773,False,3,-8.794287228808766,-20.39570352060452,-176.88344530997443,Center,Up,False,0.466,0.466,Looking Up
149,6.023,True,641.0,304.0,774.0,303.0,0.2802,False,3,-9.334464872808766,-19.330494421640534,-176.95931880792008,Center,Up,False,0.471,0.489,Looking Up
150,6.063,True,641.0,303.0,773.0,302.0,0.2916,False,3,-8.99822023110489,-19.40625327402506,-176.91181790055566,Center,Up,False,0.458,0.469,Looking Up
151,6.104,True,640.0,302.0,772.0,301.0,0.2874,False,3,-9.635027276044001,-19.501831378847506,-176.75101722881936,Center,Up,False,0.492,0.516,Looking Up
152,6.144,True,639.0,301.0,771.0,301.0,0.2785,False,3,-10.380748182724833,-19.90914712921002,-176.22392694053067,Center,Up,False,0.484,0.498,Looking Up
153,6.185,True,639.0,302.0,770.0,301.0,0.2811,False,3,-10.393337117541247,-18.658507140242865,-176.47736444774412,Center,Up,False,0.474,0.497,Looking Up
154,6.225,True,638.0,301.0,769.0,301.0,0.2845,False,3,-10.260150611073772,-19.38520369929819,-176.09804874710858,Center,Up,False,0.473,0.496,Looking Up
155,6.265,True,637.0,301.0,768.0,301.0,0.2774,False,3,-11.238147090306281,-18.410920846318724,-175.9928598581067,Center,Up,False,0.478,0.532,Looking Up
156,6.306,True,636.0,301.0,766.0,300.0,0.2784,False,3,-11.374148168012246,-18.909241189205265,-175.75455465092557,Center,Up,False,0.475,0.519,Looking Up
157,6.346,True,634.0,301.0,764.0,300.0,0.2899,False,3,-11.85492207681041,-17.841279075817038,-175.58249846119054,Center,Up,False,0.474,0.532,Looking Up
158,6.387,True,632.0,301.0,762.0,301.0,0.2903,False,3,-12.46134814577027,-17.59871800810136,-175.60258220772354,Center,Up,False,0.482,0.546,Looking Up
159,6.427,True,632.0,300.0,760.0,300.0,0.2936,False,3,-13.616512076286147,-16.61575616100019,-175.43868867352626,Center,Up,False,0.492,0.562,Looking Up
160,6.468,True,631.0,300.0,759.0,300.0,0.2931,False,3,-14.777292546011282,-17.333258813684246,-174.74730561031365,Center,Up,False,0.51,0.59,Looking Up
161,6.508,True,630.0,300.0,756.0,300.0,0.2784,False,3,-14.826961411108677,-17.15611363118099,-174.91047312169485,Center,Up,False,0.541,0.686,Looking Up
162,6.548,True,629.0,299.0,754.0,299.0,0.2806,False,3,-15.424372799867433,-15.485049280340307,-174.7400106462249,Left,Up,False,0.538,0.687,Looking Left
163,6.589,True,627.0,299.0,751.0,300.0,0.294,False,3,-15.528257155104047,-15.142859462980121,-174.8888898453781,Left,Up,False,0.54,0.671,Looking Left
164,6.629,True,626.0,299.0,749.0,299.0,0.3017,False,3,-16.26969226242025,-14.701044176205361,-174.45149617870422,Left,Up,False,0.543,0.671,Looking Left
165,6.67,True,625.0,298.0,747.0,298.0,0.3036,False,3,-17.77129766918647,-14.451588176606407,-174.3059928631733,Left,Up,False,0.549,0.693,Looking Left
166,6.71,True,624.0,297.0,745.0,297.0,0.2968,False,3,-18.592495357565298,-14.124644685631186,-174.1048117932398,Left,Up,False,0.578,0.725,Looking Left
167,6.75,True,623.0,297.0,742.0,297.0,0.3101,False,3,-19.283577730933306,-13.308941421090292,-174.0830002770474,Left,Up,False,0.592,0.735,Looking Left
168,6.791,True,622.0,296.0,740.0,296.0,0.3153,False,3,-19.830365082120313,-13.017629094806338,-174.32114446736628,Left,Up,False,0.594,0.713,Looking Left
169,6.831,True,620.0,295.0,737.0,295.0,0.3143,False,3,-22.09237036220035,-11.396451310921108,-174.05364056823177,Left,Down,False,0.568,0.665,Looking Left
170,6.872,True,618.0,295.0,734.0,293.0,0.3357,False,3,-23.488370843670218,-10.68356379338863,-174.18411246161742,Left,Down,False,0.583,0.679,Looking Left
171,6.912,True,617.0,294.0,732.0,292.0,0.3331,False,3,-23.800047102784557,-10.585752089592035,-174.02084913066815,Left,Down,False,0.596,0.715,Looking Left
172,6.953,True,616.0,293.0,729.0,292.0,0.3395,False,3,-26.65724445657285,-7.546989476754459,-173.9485579230939,Left,Down,False,0.593,0.689,Looking Left
173,6.993,True,616.0,293.0,726.0,292.0,0.3503,False,3,-28.063636463705286,-5.914766839599219,-174.05380605551298,Left,Down,False,0.609,0.729,Looking Left
174,7.033,True,614.0,293.0,723.0,291.0,0.3579,False,3,-30.15735219793591,-5.2278816879153975,-173.87724209279781,Left,Down,False,0.583,0.703,Looking Left
175,7.074,True,613.0,292.0,721.0,290.0,0.3617,False,3,-31.70561215752315,-4.41052027981257,-173.90931559995565,Left,Down,False,0.636,0.746,Looking Left
176,7.114,True,612.0,293.0,719.0,289.0,0.3531,False,3,-32.170067805924454,-2.0608025455551604,-174.4006079672805,Left,Down,False,0.619,0.776,Looking Left
177,7.155,True,612.0,292.0,716.0,288.0,0.3568,False,3,-33.710888404063276,-2.0208933251915844,-173.88191704648025,Left,Down,False,0.634,0.826,Looking Left
178,7.195,True,609.0,292.0,712.0,288.0,0.3629,False,3,-34.25502610223002,-2.6697085470054978,-173.32497389887166,Left,Down,False,0.639,0.835,Looking Left
179,7.236,True,605.0,294.0,708.0,288.0,0.3842,False,3,-36.612984247499114,-2.105059724300397,-172.97429224757678,Left,Down,False,0.521,0.78,Looking Left
180,7.276,True,601.0,297.0,706.0,289.0,0.404,False,3,-37.73181724369204,-1.6841633511993812,-172.89834047655896,Left,Down,False,0.416,0.787,Looking Left
181,7.316,True,602.0,297.0,703.0,289.0,0.4153,False,3,-38.47665903987902,-1.9641865813607842,-172.61717637560267,Left,Down,False,0.439,0.87,Looking Left
182,7.357,True,602.0,295.0,700.0,289.0,0.4184,False,3,-41.98080380301617,-0.7580346771154011,-172.34079869549615,Left,Down,False,0.309,0.773,Looking Left
183,7.397,True,599.0,295.0,697.0,288.0,0.3868,False,3,-40.41569324800855,0.7134002309446396,-173.44221126177501,Left,Down,False,0.356,0.75,Looking Left
184,7.438,True,595.0,294.0,695.0,288.0,0.4404,False,3,-42.10663593866436,1.5071294651278526,-173.468234492655,Left,Down,False,0.261,0.647,Looking Left
185,7.478,True,592.0,296.0,693.0,289.0,0.4441,False,3,-42.5188274426467,1.3662758745767354,-173.59919051320375,Left,Down,False,0.177,0.709,Looking Left
186,7.518,True,593.0,294.0,691.0,288.0,0.4401,False,3,-42.05098009221028,-0.26312553948817713,-172.75382449051378,Left,Down,False,0.251,0.709,Looking Left
187,7.559,True,591.0,294.0,689.0,289.0,0.4765,False,3,-41.06535475900644,-2.2751961289733917,-172.079267613234,Left,Down,False,0.344,0.666,Looking Left
188,7.599,True,590.0,294.0,687.0,290.0,0.4564,False,3,-42.757892281891614,-1.8070717667983294,-172.50509018522428,Left,Center,False,0.286,0.518,Looking Left
189,7.64,True,592.0,295.0,686.0,289.0,0.5119,False,3,-43.8710396232855,0.7471354624105258,-173.59394236220774,Left,Center,False,0.243,0.55,Looking Left
190,7.68,True,591.0,294.0,685.0,289.0,0.4787,False,3,-43.05444599774079,-0.2660473911694224,-173.64708868543227,Left,Center,False,0.373,0.59,Looking Left
191,7.721,True,589.0,294.0,682.0,289.0,0.4864,False,3,-44.45791990864278,3.2730382642211504,-175.8447748326191,Left,Center,False,0.485,0.603,Looking Left
192,7.761,True,587.0,295.0,682.0,288.0,0.4222,False,3,-41.959241235836714,3.5854538029327023,-176.33045710922534,Left,Down,False,0.639,0.706,Looking Left
193,7.801,True,586.0,292.0,681.0,289.0,0.4722,False,3,-43.14160834479579,2.5561966783844143,-174.6397885693365,Left,Center,False,0.503,0.428,Looking Left
194,7.842,True,584.0,294.0,680.0,289.0,0.4798,False,3,-43.36706336412782,2.9300903271952454,-175.7648833857589,Left,Center,False,0.451,0.425,Looking Left
195,7.882,True,585.0,293.0,679.0,290.0,0.4898,False,3,-43.11860597597334,1.8924750848161567,-174.91596185372356,Left,Center,False,0.533,0.421,Looking Left
196,7.923,True,585.0,294.0,678.0,290.0,0.4703,False,3,-43.16482780782476,1.6518924300929896,-174.4106282571652,Left,Center,False,0.474,0.586,Looking Left
197,7.963,True,584.0,294.0,678.0,289.0,0.4914,False,3,-44.33784192222487,1.504916549508082,-174.95970499597223,Left,Center,False,0.396,0.47,Looking Left
198,8.004,True,583.0,293.0,677.0,290.0,0.4741,False,3,-43.83427999376166,-0.016911526916645304,-173.86564101195486,Left,Center,False,0.423,0.46,Looking Left
199,8.044,True,583.0,292.0,678.0,289.0,0.4878,False,3,-44.66202893415039,0.013005130460050019,-173.6905194981599,Left,Center,False,0.296,0.434,Looking Left
200,8.084,True,583.0,294.0,677.0,290.0,0.498,False,3,-43.544070498651074,-0.10606354782221243,-173.78082683443932,Left,Center,False,0.293,0.51,Looking Left
201,8.125,True,585.0,294.0,678.0,290.0,0.528,False,3,-45.208743898466714,1.4770973401382803,-175.5862914918041,Left,Center,False,0.462,0.43,Looking Left
202,8.165,True,583.0,294.0,679.0,289.0,0.4877,False,3,-44.23958336511344,3.7207296740283793,-176.69179597111923,Left,Up,False,0.537,0.286,Looking Left
203,8.206,True,585.0,293.0,679.0,290.0,0.5006,False,3,-44.084752330664294,2.6012124460911954,-175.102989595896,Left,Up,False,0.512,0.282,Looking Left
204,8.246,True,583.0,294.0,678.0,289.0,0.4863,False,3,-44.437614089405685,1.8242561287602752,-175.46885044819453,Left,Up,False,0.324,0.351,Looking Left
205,8.286,True,584.0,294.0,675.0,290.0,0.4821,False,3,-44.461342633409856,2.837426791964585,-176.15241094853855,Left,Center,False,0.461,0.392,Looking Left
206,8.327,True,587.0,291.0,669.0,290.0,0.5105,False,3,-44.55584703928798,-1.3911840400292983,-174.2390188809171,Left,Center,False,0.542,0.521,Looking Left
207,8.367,True,582.0,292.0,658.0,292.0,0.5255,False,3,-45.61916324953224,-1.2552267668134205,-174.56342208179524,Left,Up,False,0.39,0.277,Looking Left
208,8.408,True,580.0,300.0,657.0,294.0,0.4365,False,3,-46.436781107734085,4.786401144078662,-178.47747318733357,Left,Up,False,0.459,0.171,Looking Left
209,8.448,True,577.0,295.0,642.0,293.0,0.4087,False,3,-47.5297605149384,5.213137487509034,-176.96734131156876,Left,Up,False,0.465,0.232,Looking Left
210,8.489,True,578.0,294.0,637.0,290.0,0.5082,False,3,-49.86012373166429,4.04844385865866,-176.80800597319825,Left,Up,False,0.351,0.376,Looking Left
211,8.529,True,578.0,289.0,634.0,288.0,0.4739,False,3,-55.363024619138905,18.778488471795203,-6.493430734233801,Left,Down,False,0.504,0.228,Looking Left
212,8.569,True,575.0,290.0,629.0,285.0,0.6532,False,3,-53.18802870617138,3.3759442530636594,-174.32163190295623,Left,Down,False,1.177,0.666,Looking Left
213,8.61,True,573.0,289.0,626.0,280.0,0.6403,False,3,-54.13237221588189,2.9148162347606315,-173.11778544567048,Left,Down,False,1.135,1.052,Looking Left
214,8.65,True,573.0,282.0,621.0,279.0,0.7479,False,3,-53.73518279251894,-2.2267521170406317,-170.17158695248872,Left,Center,False,0.637,0.555,Looking Left
215,8.691,True,568.0,279.0,609.0,277.0,0.7939,False,3,-54.022046585187624,-3.0344620985310455,-168.94327480843552,Left,Center,False,1.082,0.608,Looking Left
216,8.731,True,570.0,275.0,606.0,275.0,0.8344,False,3,59.20238908945836,-39.011753252384146,141.4660029740909,Right,Up,False,1.634,0.318,Looking Right
217,8.772,True,564.0,277.0,602.0,273.0,0.809,False,3,-57.14404969994344,-0.014283142988762335,-170.0558732456576,Left,Center,False,1.582,0.523,Looking Left
218,8.812,True,563.0,275.0,594.0,271.0,0.8707,False,3,-59.725810397280576,-1.7008946192820884,-167.35136986828167,Left,Down,False,2.291,0.79,Looking Left
219,8.852,True,565.0,270.0,588.0,270.0,0.8877,False,3,-63.2405580369188,15.707850258872622,2.265969523545805,Left,Down,False,1.682,0.436,Looking Left
220,8.893,True,562.0,270.0,588.0,268.0,0.9636,False,3,59.126809129854976,-39.684956377015396,130.69663951993834,Right,Up,False,1.674,0.745,Looking Right
221,8.933,True,555.0,269.0,587.0,265.0,0.8081,False,3,-59.69513423044479,-3.9745663330732315,-161.8384399596844,Left,Down,False,1.794,1.114,Looking Left
222,8.974,True,557.0,265.0,583.0,263.0,0.7341,False,3,58.849747648520186,-39.0457924751111,-164.8745197361005,Right,Up,False,0.712,0.746,Looking Right
223,9.014,True,557.0,265.0,598.0,262.0,0.6024,False,3,59.38427794585919,-39.34421297698169,160.72630252968588,Right,Up,False,0.896,1.094,Looking Right
224,9.055,True,552.0,267.0,579.0,259.0,0.6385,False,3,-65.79304409357401,22.88809020070422,-4.176726818992543,Left,Down,False,0.318,0.651,Looking Left
225,9.095,True,542.0,267.0,572.0,260.0,0.47,False,3,-58.257789829977185,8.250283127417624,-175.26107582213567,Left,Down,False,0.228,0.72,Looking Left
226,9.135,False,,,,,0.47,False,3,-58.257789829977185,8.250283127417624,-175.26107582213567,Left,Down,False,0.228,0.72,Looking Left
227,9.176,False,,,,,0.47,False,3,-58.257789829977185,8.250283127417624,-175.26107582213567,Left,Down,False,0.228,0.72,Looking Left
228,9.216,False,,,,,0.47,False,3,-58.257789829977185,8.250283127417624,-175.26107582213567,Left,Down,False,0.228,0.72,Looking Left
229,9.257,False,,,,,0.47,False,3,-58.257789829977185,8.250283127417624,-175.26107582213567,Left,Down,False,0.228,0.72,Looking Left
230,9.297,False,,,,,0.47,False,3,-58.257789829977185,8.250283127417624,-175.26107582213567,Left,Down,False,0.228,0.72,Looking Left
231,9.337,False,,,,,0.47,False,3,-58.257789829977185,8.250283127417624,-175.26107582213567,Left,Down,False,0.228,0.72,Looking Left
232,9.378,False,,,,,0.47,False,3,-58.257789829977185,8.250283127417624,-175.26107582213567,Left,Down,False,0.228,0.72,Looking Left
233,9.418,False,,,,,0.47,False,3,-58.257789829977185,8.250283127417624,-175.26107582213567,Left,Down,False,0.228,0.72,Looking Left
234,9.459,False,,,,,0.47,False,3,-58.257789829977185,8.250283127417624,-175.26107582213567,Left,Down,False,0.228,0.72,Looking Left
235,9.499,False,,,,,0.47,False,3,-58.257789829977185,8.250283127417624,-175.26107582213567,Left,Down,False,0.228,0.72,Looking Left
236,9.54,False,,,,,0.47,False,3,-58.257789829977185,8.250283127417624,-175.26107582213567,Left,Down,False,0.228,0.72,Looking Left
237,9.58,False,,,,,0.47,False,3,-58.257789829977185,8.250283127417624,-175.26107582213567,Left,Down,False,0.228,0.72,Looking Left
238,9.62,False,,,,,0.47,False,3,-58.257789829977185,8.250283127417624,-175.26107582213567,Left,Down,False,0.228,0.72,Looking Left
239,9.661,False,,,,,0.47,False,3,-58.257789829977185,8.250283127417624,-175.26107582213567,Left,Down,False,0.228,0.72,Looking Left
240,9.701,False,,,,,0.47,False,3,-58.257789829977185,8.250283127417624,-175.26107582213567,Left,Down,False,0.228,0.72,Looking Left
241,9.742,False,,,,,0.47,False,3,-58.257789829977185,8.250283127417624,-175.26107582213567,Left,Down,False,0.228,0.72,Looking Left
242,9.782,False,,,,,0.47,False,3,-58.257789829977185,8.250283127417624,-175.26107582213567,Left,Down,False,0.228,0.72,Looking Left
243,9.823,False,,,,,0.47,False,3,-58.257789829977185,8.250283127417624,-175.26107582213567,Left,Down,False,0.228,0.72,Looking Left
244,9.863,False,,,,,0.47,False,3,-58.257789829977185,8.250283127417624,-175.26107582213567,Left,Down,False,0.228,0.72,Looking Left
245,9.903,False,,,,,0.47,False,3,-58.257789829977185,8.250283127417624,-175.26107582213567,Left,Down,False,0.228,0.72,Looking Left
246,9.944,False,,,,,0.47,False,3,-58.257789829977185,8.250283127417624,-175.26107582213567,Left,Down,False,0.228,0.72,Looking Left
247,9.984,False,,,,,0.47,False,3,-58.257789829977185,8.250283127417624,-175.26107582213567,Left,Down,False,0.228,0.72,Looking Left
248,10.025,False,,,,,0.47,False,3,-58.257789829977185,8.250283127417624,-175.26107582213567,Left,Down,False,0.228,0.72,Looking Left
249,10.065,False,,,,,0.47,False,3,-58.257789829977185,8.250283127417624,-175.26107582213567,Left,Down,False,0.228,0.72,Looking Left
250,10.105,False,,,,,0.47,False,3,-58.257789829977185,8.250283127417624,-175.26107582213567,Left,Down,False,0.228,0.72,Looking Left
251,10.146,False,,,,,0.47,False,3,-58.257789829977185,8.250283127417624,-175.26107582213567,Left,Down,False,0.228,0.72,Looking Left
252,10.186,False,,,,,0.47,False,3,-58.257789829977185,8.250283127417624,-175.26107582213567,Left,Down,False,0.228,0.72,Looking Left
253,10.227,False,,,,,0.47,False,3,-58.257789829977185,8.250283127417624,-175.26107582213567,Left,Down,False,0.228,0.72,Looking Left
254,10.267,False,,,,,0.47,False,3,-58.257789829977185,8.250283127417624,-175.26107582213567,Left,Down,False,0.228,0.72,Looking Left
255,10.308,False,,,,,0.47,False,3,-58.257789829977185,8.250283127417624,-175.26107582213567,Left,Down,False,0.228,0.72,Looking Left
256,10.348,False,,,,,0.47,False,3,-58.257789829977185,8.250283127417624,-175.26107582213567,Left,Down,False,0.228,0.72,Looking Left
257,10.388,False,,,,,0.47,False,3,-58.257789829977185,8.250283127417624,-175.26107582213567,Left,Down,False,0.228,0.72,Looking Left
258,10.429,False,,,,,0.47,False,3,-58.257789829977185,8.250283127417624,-175.26107582213567,Left,Down,False,0.228,0.72,Looking Left
259,10.469,False,,,,,0.47,False,3,-58.257789829977185,8.250283127417624,-175.26107582213567,Left,Down,False,0.228,0.72,Looking Left
260,10.51,False,,,,,0.47,False,3,-58.257789829977185,8.250283127417624,-175.26107582213567,Left,Down,False,0.228,0.72,Looking Left
261,10.55,False,,,,,0.47,False,3,-58.257789829977185,8.250283127417624,-175.26107582213567,Left,Down,False,0.228,0.72,Looking Left
262,10.591,False,,,,,0.47,False,3,-58.257789829977185,8.250283127417624,-175.26107582213567,Left,Down,False,0.228,0.72,Looking Left
263,10.631,False,,,,,0.47,False,3,-58.257789829977185,8.250283127417624,-175.26107582213567,Left,Down,False,0.228,0.72,Looking Left
264,10.671,False,,,,,0.47,False,3,-58.257789829977185,8.250283127417624,-175.26107582213567,Left,Down,False,0.228,0.72,Looking Left
265,10.712,False,,,,,0.47,False,3,-58.257789829977185,8.250283127417624,-175.26107582213567,Left,Down,False,0.228,0.72,Looking Left
266,10.752,False,,,,,0.47,False,3,-58.257789829977185,8.250283127417624,-175.26107582213567,Left,Down,False,0.228,0.72,Looking Left
267,10.793,False,,,,,0.47,False,3,-58.257789829977185,8.250283127417624,-175.26107582213567,Left,Down,False,0.228,0.72,Looking Left
268,10.833,False,,,,,0.47,False,3,-58.257789829977185,8.250283127417624,-175.26107582213567,Left,Down,False,0.228,0.72,Looking Left
269,10.873,False,,,,,0.47,False,3,-58.257789829977185,8.250283127417624,-175.26107582213567,Left,Down,False,0.228,0.72,Looking Left
270,10.914,False,,,,,0.47,False,3,-58.257789829977185,8.250283127417624,-175.26107582213567,Left,Down,False,0.228,0.72,Looking Left
271,10.954,False,,,,,0.47,False,3,-58.257789829977185,8.250283127417624,-175.26107582213567,Left,Down,False,0.228,0.72,Looking Left
272,10.995,False,,,,,0.47,False,3,-58.257789829977185,8.250283127417624,-175.26107582213567,Left,Down,False,0.228,0.72,Looking Left
273,11.035,False,,,,,0.47,False,3,-58.257789829977185,8.250283127417624,-175.26107582213567,Left,Down,False,0.228,0.72,Looking Left
274,11.076,False,,,,,0.47,False,3,-58.257789829977185,8.250283127417624,-175.26107582213567,Left,Down,False,0.228,0.72,Looking Left
275,11.116,False,,,,,0.47,False,3,-58.257789829977185,8.250283127417624,-175.26107582213567,Left,Down,False,0.228,0.72,Looking Left
276,11.156,False,,,,,0.47,False,3,-58.257789829977185,8.250283127417624,-175.26107582213567,Left,Down,False,0.228,0.72,Looking Left
277,11.197,False,,,,,0.47,False,3,-58.257789829977185,8.250283127417624,-175.26107582213567,Left,Down,False,0.228,0.72,Looking Left
278,11.237,True,592.0,262.0,622.0,244.0,0.5386,False,3,-64.11033030500444,11.404378222039721,173.20951273779875,Left,Center,False,0.775,0.431,Looking Left
279,11.278,True,590.0,273.0,639.0,240.0,0.558,False,3,-59.24874479746143,18.433224776974104,169.58873887507178,Left,Down,False,0.274,1.157,Looking Left
280,11.318,True,590.0,277.0,648.0,246.0,0.5572,False,3,-58.45657468919224,32.12623022414979,-23.336883527209682,Left,Down,False,0.708,1.672,Looking Left
281,11.359,True,597.0,280.0,662.0,248.0,0.5195,False,3,-54.982171917277824,29.341892258716953,-18.987638164542087,Left,Down,False,0.861,2.011,Looking Left
282,11.399,True,589.0,283.0,671.0,249.0,0.3688,False,3,-43.47953238168558,18.68519890640007,168.78804185314416,Left,Down,False,0.253,1.42,Looking Left
283,11.439,True,593.0,276.0,682.0,248.0,0.3033,False,3,-39.36601735500375,28.96447860141612,-18.277555297966085,Left,Down,False,0.151,0.804,Looking Left
284,11.48,True,597.0,275.0,694.0,246.0,0.3139,False,3,-35.408847934137505,19.568327153337396,167.83225842895922,Left,Down,False,0.227,0.665,Looking Left
285,11.52,True,604.0,269.0,712.0,242.0,0.3017,False,3,-32.34555850557874,17.17825128200769,169.67972520290726,Left,Down,False,0.346,0.438,Looking Left
286,11.561,True,616.0,267.0,724.0,244.0,0.3048,False,3,-28.242802701639114,16.47999995806118,171.11339498413975,Left,Down,False,0.566,0.59,Looking Left
287,11.601,True,623.0,267.0,735.0,247.0,0.2664,False,3,-24.71379626125674,15.877454596454799,172.05493165081367,Left,Down,False,0.607,0.74,Looking Left
288,11.642,True,627.0,266.0,741.0,249.0,0.247,False,3,-21.476015297610967,16.771900808927466,172.51646808926836,Left,Down,False,0.593,0.724,Looking Left
289,11.682,True,629.0,265.0,748.0,249.0,0.2593,False,3,-18.691863964871082,14.563852576676801,173.87418516003632,Left,Down,False,0.545,0.583,Looking Left
290,11.722,True,632.0,264.0,754.0,250.0,0.2555,False,3,-17.884602770779374,15.72995571505608,174.4780281781723,Left,Down,False,0.517,0.543,Looking Left
291,11.763,True,635.0,262.0,758.0,251.0,0.2584,False,3,-15.862924407639373,15.571563285417993,175.5153245559797,Left,Down,False,0.486,0.466,Looking Left
292,11.803,True,640.0,262.0,763.0,251.0,0.2583,False,3,-15.592655797335034,15.241767730291478,176.59979893965087,Left,Down,False,0.476,0.499,Looking Left
293,11.844,True,644.0,262.0,769.0,252.0,0.259,False,3,-11.086357293571373,26.53667831445048,-5.286351791036735,Center,Down,False,0.474,0.54,Looking Down
294,11.884,True,647.0,262.0,773.0,254.0,0.267,False,3,-10.045601472031375,26.003509459174882,-4.359257492336747,Center,Down,False,0.473,0.513,Looking Down
295,11.924,True,651.0,261.0,778.0,256.0,0.2573,False,3,-9.024305731022105,26.799977663303597,-3.1455023363771932,Center,Down,False,0.477,0.528,Looking Down
296,11.965,True,655.0,259.0,782.0,255.0,0.2556,False,3,-8.054670090397796,26.819995329893942,-2.3541554349362195,Center,Down,False,0.472,0.541,Looking Down
297,12.005,True,658.0,258.0,785.0,255.0,0.256,False,3,-7.022802642556307,26.36662194651707,-1.786320771987486,Center,Down,False,0.469,0.527,Looking Down
298,12.046,True,662.0,257.0,790.0,256.0,0.2499,False,3,-5.449200563143048,27.282454830539844,-0.9596610732819082,Center,Down,False,0.472,0.557,Looking Down
299,12.086,True,667.0,256.0,796.0,257.0,0.2479,False,3,-4.677751812559526,26.267159334637558,-0.19921762749415328,Center,Down,False,0.464,0.555,Looking Down
300,12.127,True,672.0,256.0,803.0,258.0,0.2482,False,3,-3.231259626396722,26.850398458007845,0.6921366624722721,Center,Down,False,0.452,0.591,Looking Down
301,12.167,True,677.0,256.0,809.0,260.0,0.2288,False,3,-3.1969638187776668,26.749114199513677,1.4465756349170942,Center,Down,False,0.449,0.577,Looking Down
302,12.207,True,684.0,256.0,815.0,262.0,0.2498,False,3,-2.0838335282799347,26.559685119243852,2.4537069859292724,Center,Down,False,0.448,0.583,Looking Down
303,12.248,True,690.0,255.0,821.0,263.0,0.2372,False,3,-0.7970373022280015,25.45758641236035,3.6990954197165378,Center,Down,False,0.458,0.528,Looking Down
304,12.288,True,696.0,254.0,828.0,264.0,0.2423,False,3,1.1841404532449473,24.638998295710135,4.812057027843275,Center,Down,False,0.458,0.541,Looking Down
305,12.329,True,701.0,256.0,833.0,267.0,0.2509,False,3,2.3599991448374107,24.292432669819128,5.919252049337228,Center,Down,False,0.453,0.557,Looking Down
306,12.369,True,707.0,258.0,840.0,272.0,0.246,False,3,3.9464142576715884,24.79545002234769,6.627165394142052,Center,Down,False,0.479,0.592,Looking Down
307,12.41,True,712.0,260.0,845.0,275.0,0.2336,False,3,3.8386336785514237,23.935312798926226,7.54145788856832,Center,Down,False,0.465,0.576,Looking Down
308,12.45,True,717.0,262.0,849.0,279.0,0.2335,False,3,3.7832354339164342,23.02752744717614,8.177048421662061,Center,Down,False,0.476,0.557,Looking Down
309,12.49,True,719.0,263.0,853.0,282.0,0.2347,False,3,5.053520517368,22.45676297782853,9.087684575225081,Center,Down,False,0.471,0.558,Looking Down
310,12.531,True,722.0,266.0,855.0,285.0,0.2178,True,4,4.901033326540507,22.163501502614924,9.5640189868696,Center,Down,False,0.478,0.56,Blink
311,12.571,True,722.0,268.0,858.0,289.0,0.2211,False,4,-5.845268110777647,-3.2354097754543467,-169.98939160507118,Center,Center,True,0.466,0.54,Focused
312,12.612,True,723.0,270.0,860.0,292.0,0.2282,False,4,5.604704567604386,20.449778155166648,10.142546839502751,Center,Down,False,0.458,0.425,Looking Down
313,12.652,True,724.0,274.0,860.0,296.0,0.2302,False,4,-6.512201493678074,-9.674698199160277,-169.65765955130058,Center,Center,True,0.453,0.422,Focused
314,12.692,True,723.0,277.0,861.0,300.0,0.2349,False,4,-6.234114909174276,-12.986495434213701,-169.80794105766327,Center,Up,False,0.447,0.405,Looking Up
315,12.733,True,722.0,281.0,861.0,303.0,0.2436,False,4,5.117180086903353,16.223977460187054,10.000951592104082,Center,Down,False,0.456,0.442,Looking Down
316,12.773,True,721.0,283.0,860.0,304.0,0.2376,False,4,-6.721589222868374,-16.062152123497818,-169.70669252687824,Center,Up,False,0.474,0.49,Looking Up
317,12.814,True,720.0,284.0,859.0,305.0,0.2472,False,4,3.9181791683454663,15.988524365091754,9.73301258069598,Center,Down,False,0.483,0.526,Looking Down
318,12.854,True,718.0,286.0,858.0,307.0,0.255,False,4,4.4942923559896055,13.558358326099215,9.746686199763465,Center,Down,False,0.483,0.53,Looking Down
319,12.895,True,717.0,289.0,857.0,310.0,0.2634,False,4,3.936834657239948,12.379558804535964,9.762186010739375,Center,Down,False,0.483,0.506,Looking Down
320,12.935,True,715.0,292.0,855.0,313.0,0.2686,False,4,3.2480465544371913,9.776312397353802,9.686554307815623,Center,Center,True,0.48,0.493,Focused
321,12.975,True,712.0,295.0,852.0,315.0,0.2754,False,4,3.776202027904668,9.52157067991503,9.46309916524769,Center,Center,True,0.494,0.519,Focused
322,13.016,True,709.0,296.0,849.0,316.0,0.265,False,4,3.7648113539965395,9.476047053924557,9.334604370862994,Center,Center,True,0.491,0.489,Focused
323,13.056,True,706.0,298.0,846.0,318.0,0.2658,False,4,3.7823245819892874,4.266216505770677,9.505304926574643,Center,Center,True,0.487,0.488,Focused
324,13.097,True,704.0,300.0,844.0,319.0,0.2622,False,4,2.862654840941187,5.05487539251639,9.413104230968436,Center,Center,True,0.489,0.52,Focused
325,13.137,True,700.0,302.0,841.0,321.0,0.2619,False,4,-5.794802001233529,-28.711023709139145,-170.23359394319777,Center,Up,False,0.479,0.51,Looking Up
326,13.178,True,699.0,304.0,840.0,323.0,0.2628,False,4,-5.79773582968909,-29.383192781451477,-170.53521915915667,Center,Up,False,0.485,0.493,Looking Up
327,13.218,True,698.0,306.0,839.0,325.0,0.2667,False,4,-5.757609223457485,-28.804639400678926,-170.46692155882798,Center,Up,False,0.485,0.5,Looking Up
328,13.258,True,697.0,308.0,838.0,327.0,0.2639,False,4,-5.482541039397732,-29.660062795205903,-170.2240639107404,Center,Up,False,0.472,0.489,Looking Up
329,13.299,True,696.0,310.0,836.0,329.0,0.2711,False,4,-5.8255244958082715,-29.807426480109267,-170.39175065010716,Center,Up,False,0.468,0.478,Looking Up
330,13.339,True,695.0,311.0,836.0,330.0,0.2607,False,4,-5.795312485683518,-30.777148398758094,-170.7038816783015,Center,Up,False,0.478,0.508,Looking Up
331,13.38,True,694.0,313.0,835.0,332.0,0.2639,False,4,-6.014529897254517,-30.586209913333754,-170.6737177997137,Center,Up,False,0.473,0.522,Looking Up
332,13.42,True,694.0,313.0,836.0,333.0,0.2594,False,4,-5.919599525544199,-30.62498771912803,-170.87678318610364,Center,Up,False,0.473,0.481,Looking Up
333,13.46,True,696.0,315.0,837.0,334.0,0.2582,False,4,-6.05947430554976,-30.936558234775717,-170.53957793496858,Center,Up,False,0.482,0.516,Looking Up
334,13.501,True,697.0,317.0,839.0,335.0,0.2537,False,4,-6.162552664417139,-31.108952501065566,-170.6066311293752,Center,Up,False,0.481,0.523,Looking Up
335,13.541,True,697.0,317.0,840.0,336.0,0.2582,False,4,-5.888456620383379,-31.493014153418468,-170.91312942698102,Center,Up,False,0.488,0.561,Looking Up
336,13.582,True,697.0,317.0,840.0,336.0,0.2654,False,4,-5.741662210766174,-32.00951393956273,-170.98771487752364,Center,Up,False,0.48,0.538,Looking Up
337,13.622,True,697.0,317.0,840.0,335.0,0.2691,False,4,-5.5546706112597795,-32.01360838441703,-171.15297702514994,Center,Up,False,0.485,0.525,Looking Up
338,13.663,True,697.0,317.0,839.0,334.0,0.2659,False,4,-5.769177379030062,-31.91772974515342,-171.68388821380876,Center,Up,False,0.496,0.554,Looking Up
339,13.703,True,697.0,316.0,839.0,333.0,0.2655,False,4,-5.890370427749173,-31.607554471399464,-172.02735485043019,Center,Up,False,0.479,0.525,Looking Up
340,13.743,True,697.0,316.0,839.0,332.0,0.2706,False,4,-5.654548579083145,-31.882882571307153,-172.53245173033633,Center,Up,False,0.489,0.537,Looking Up
341,13.784,True,696.0,316.0,840.0,330.0,0.2645,False,4,-5.504983851080257,-32.16471308542744,-173.30494543181968,Center,Up,False,0.475,0.519,Looking Up
342,13.824,True,697.0,315.0,840.0,328.0,0.2761,False,4,-5.27586497525177,-32.022408407095384,-174.13297150915963,Center,Up,False,0.479,0.489,Looking Up
343,13.865,True,698.0,314.0,841.0,325.0,0.2787,False,4,-4.968116381019809,-32.13468306261226,-175.03429694748246,Center,Up,False,0.482,0.479,Looking Up
344,13.905,True,700.0,314.0,843.0,322.0,0.2681,False,4,-4.175842669338463,-31.81081290427198,-176.36926010540873,Center,Up,False,0.482,0.482,Looking Up
345,13.946,True,700.0,312.0,844.0,321.0,0.2658,False,4,-4.170489066735398,-31.299552092214576,-177.4599779613029,Center,Up,False,0.462,0.442,Looking Up
346,13.986,True,703.0,312.0,847.0,319.0,0.266,False,4,-3.555979459559119,-30.07051981306848,-178.1941722060235,Center,Up,False,0.464,0.405,Looking Up
347,14.026,True,706.0,311.0,850.0,318.0,0.263,False,4,-2.5847560587302554,-27.90728501672952,-178.76288388413943,Center,Up,False,0.44,0.417,Looking Up
348,14.067,True,710.0,311.0,853.0,317.0,0.2704,False,4,-1.061542345115414,-26.82718776497031,-179.76857016244477,Center,Up,False,0.42,0.397,Looking Up
349,14.107,True,713.0,310.0,856.0,316.0,0.2822,False,4,-0.816514451415651,-25.535783007981863,179.5712199078766,Center,Up,False,0.424,0.407,Looking Up
350,14.148,True,716.0,308.0,859.0,312.0,0.2822,False,4,-0.37119645875206037,-24.88956360851188,179.03129490755938,Center,Up,False,0.421,0.385,Looking Up
351,14.188,True,717.0,305.0,861.0,309.0,0.2672,False,4,-0.25385725306729023,-23.971307087085776,178.60261088285446,Center,Up,False,0.413,0.423,Looking Up
352,14.229,True,719.0,301.0,862.0,304.0,0.2797,False,4,0.7111382261541063,-23.347809724498557,178.18369856948974,Center,Up,False,0.413,0.419,Looking Up
353,14.269,True,722.0,294.0,866.0,298.0,0.2766,False,4,1.2910957630872968,-23.063660873920362,178.0970401745824,Center,Up,False,0.429,0.353,Looking Up
354,14.309,True,726.0,287.0,869.0,291.0,0.2647,False,4,1.6576337164922743,-23.347970057775235,177.63697909504108,Center,Up,False,0.484,0.319,Looking Up
355,14.35,True,730.0,278.0,872.0,283.0,0.3083,False,4,2.014644098381354,-22.124328120700977,177.6913225741377,Center,Up,False,0.501,0.366,Looking Up
356,14.39,True,733.0,270.0,874.0,274.0,0.3148,False,4,1.7955436203586161,-20.565947049478627,177.67443792452215,Center,Up,False,0.521,0.406,Looking Up
357,14.431,True,734.0,263.0,875.0,268.0,0.3055,False,4,1.5969088137034888,-17.23958701706547,177.991199579187,Center,Up,False,0.518,0.443,Looking Up
358,14.471,True,735.0,256.0,876.0,262.0,0.3222,False,4,2.437923566494143,-12.364737724484614,178.41892430552682,Center,Up,False,0.503,0.4,Looking Up
359,14.511,True,735.0,251.0,875.0,258.0,0.2676,False,4,1.4332401754032904,-6.627011300171573,179.83030839272573,Center,Center,True,0.49,0.456,Focused
360,14.552,True,732.0,245.0,875.0,254.0,0.1959,True,5,1.473111016704769,-2.607858637550124,-179.83002198547533,Closed,Closed,False,0.443,0.432,Blink
361,14.592,True,731.0,232.0,871.0,240.0,0.226,False,5,15.852763214858488,27.26414316319383,4.491789008377098,Right,Down,False,0.463,0.363,Looking Right
362,14.633,True,729.0,225.0,866.0,233.0,0.284,False,5,0.9740242570361136,5.443568680920248,-178.762646667396,Center,Center,True,0.482,0.449,Focused
363,14.673,True,728.0,221.0,863.0,229.0,0.2815,False,5,14.512928738164728,30.970992109082236,4.883880474829222,Center,Down,False,0.486,0.479,Looking Down
364,14.714,True,728.0,219.0,862.0,226.0,0.2908,False,5,13.02188539841662,33.09664930375447,4.36426591227962,Center,Down,False,0.491,0.469,Looking Down
365,14.754,True,728.0,216.0,861.0,223.0,0.305,False,5,11.995860723944094,35.74916734682994,4.639850801607413,Center,Down,False,0.517,0.51,Looking Down
366,14.794,True,727.0,213.0,860.0,220.0,0.3177,False,5,12.102329962341143,37.29387172881415,4.92769051455085,Center,Down,False,0.522,0.545,Looking Down
367,14.835,True,726.0,211.0,857.0,217.0,0.3235,False,5,-1.3875751956094,24.82378721326642,-176.9122465075841,Center,Down,False,0.518,0.539,Looking Down
368,14.875,True,725.0,208.0,857.0,214.0,0.3248,False,5,-1.989626869374331,28.607748754323396,-176.44896641237142,Center,Down,False,0.517,0.557,Looking Down
369,14.916,True,724.0,205.0,855.0,211.0,0.335,False,5,-2.1805871304416837,28.908036439817618,-176.35130310718807,Center,Down,False,0.477,0.571,Looking Down
370,14.956,True,723.0,203.0,855.0,209.0,0.3185,False,5,10.09136159898296,42.29603845004085,4.580746896967187,Center,Down,False,0.476,0.577,Looking Down
371,14.997,True,723.0,204.0,854.0,208.0,0.3277,False,5,-2.521636463294693,33.1707761269267,-176.80504357860235,Center,Down,False,0.483,0.618,Looking Down
372,15.037,True,724.0,203.0,854.0,208.0,0.3172,False,5,-2.7259351829355016,35.295050110230775,-176.2665904428415,Center,Down,False,0.462,0.612,Looking Down
373,15.077,True,726.0,202.0,855.0,206.0,0.3123,False,5,-2.560633936529603,37.618483881981476,-176.17495282854435,Center,Down,False,0.473,0.582,Looking Down
374,15.118,True,728.0,199.0,856.0,203.0,0.2915,False,5,-3.555977416154714,39.92978930772553,-176.40590081223647,Center,Down,False,0.486,0.555,Looking Down
375,15.158,True,728.0,194.0,857.0,198.0,0.3068,False,5,-3.5891967450680657,40.307096316831554,-177.00694513614502,Center,Down,False,0.474,0.539,Looking Down
376,15.199,True,729.0,190.0,858.0,194.0,0.2912,False,5,10.063780837939698,51.106023263635926,3.939714079716732,Center,Down,False,0.504,0.573,Looking Down
377,15.239,True,730.0,185.0,859.0,187.0,0.29,False,5,-3.467161950615691,41.82952084806658,-177.40632926677654,Center,Down,False,0.512,0.594,Looking Down
378,15.279,True,730.0,183.0,860.0,184.0,0.2962,False,5,-3.931301654942531,41.32068248608454,-177.54560299515333,Center,Down,False,0.493,0.616,Looking Down
379,15.32,True,731.0,187.0,862.0,187.0,0.3041,False,5,-4.517111827700729,42.07607696005825,-177.49959344813487,Center,Down,False,0.496,0.681,Looking Down
380,15.36,True,731.0,190.0,862.0,189.0,0.2774,False,5,-4.9226620779694255,42.78428331256662,-178.07093508635865,Center,Down,False,0.479,0.606,Looking Down
381,15.401,True,731.0,189.0,863.0,189.0,0.2887,False,5,-4.416969776833688,42.35704781108867,-178.32157855087715,Center,Down,False,0.491,0.613,Looking Down
382,15.441,True,731.0,186.0,865.0,184.0,0.2815,False,5,-4.809378578498593,42.377483042715355,-178.48881079885092,Center,Down,False,0.464,0.645,Looking Down
383,15.482,True,732.0,184.0,864.0,181.0,0.2828,False,5,-5.236534192535091,43.12936843729937,-178.91472790382042,Center,Down,False,0.479,0.636,Looking Down
384,15.522,True,732.0,184.0,865.0,181.0,0.2797,False,5,-4.887210597728231,42.578532160080464,-178.32242380337684,Center,Down,False,0.488,0.649,Looking Down
385,15.562,True,733.0,182.0,866.0,179.0,0.2754,False,5,-5.276874430484788,42.89524948583979,-178.24272285408458,Center,Down,False,0.512,0.686,Looking Down
386,15.603,True,733.0,182.0,866.0,179.0,0.2869,False,5,-5.350715435898896,42.86368509408715,-177.9839911650099,Center,Down,False,0.49,0.701,Looking Down
387,15.643,True,733.0,184.0,867.0,182.0,0.2652,False,5,-5.238505935088868,42.9899933508375,-177.64852071142806,Center,Down,False,0.5,0.702,Looking Down
388,15.684,True,733.0,186.0,866.0,184.0,0.2762,False,5,-5.42102570023645,42.88624995061548,-177.71812399046934,Center,Down,False,0.489,0.661,Looking Down
389,15.724,True,732.0,187.0,866.0,186.0,0.2706,False,5,-5.142244742009867,43.449862200706406,-177.25856442860282,Center,Down,False,0.497,0.648,Looking Down
390,15.765,True,731.0,186.0,865.0,185.0,0.283,False,5,-5.208416113614902,42.67159124557488,-177.64408148160777,Center,Down,False,0.503,0.659,Looking Down
391,15.805,True,730.0,184.0,864.0,183.0,0.2865,False,5,-5.746921493186013,42.32999525814323,-177.64013379580112,Center,Down,False,0.494,0.641,Looking Down
392,15.845,True,728.0,183.0,862.0,183.0,0.2989,False,5,-5.349802679442047,41.663014882323615,-177.8433086373289,Center,Down,False,0.506,0.633,Looking Down
393,15.886,True,726.0,184.0,860.0,183.0,0.2958,False,5,-5.682673411112617,41.67433559579171,-178.05899568290033,Center,Down,False,0.482,0.627,Looking Down
394,15.926,True,725.0,185.0,858.0,184.0,0.287,False,5,-5.868743476216825,41.73767743621169,-177.66220114492964,Center,Down,False,0.475,0.61,Looking Down
395,15.967,True,723.0,186.0,857.0,185.0,0.2939,False,5,-5.776984283097746,42.03366971269029,-177.4441316200224,Center,Down,False,0.479,0.61,Looking Down
396,16.007,True,722.0,188.0,855.0,186.0,0.3047,False,5,-5.820744479676783,41.859227430446744,-177.97433827161717,Center,Down,False,0.478,0.636,Looking Down
397,16.047,True,720.0,189.0,853.0,186.0,0.2936,False,5,-5.873355853807192,41.802802851413226,-177.99715454900706,Center,Down,False,0.487,0.67,Looking Down
398,16.088,True,719.0,188.0,852.0,186.0,0.288,False,5,-5.676903806311497,41.81158201411801,-177.89014761460794,Center,Down,False,0.491,0.638,Looking Down
399,16.128,True,719.0,189.0,852.0,186.0,0.2928,False,5,-5.9253611520603435,41.717752217280456,-177.81408037593673,Center,Down,False,0.491,0.634,Looking Down
400,16.169,True,720.0,188.0,852.0,186.0,0.3065,False,5,-5.952432976982482,42.78503822888887,-178.0374102892021,Center,Down,False,0.512,0.629,Looking Down
401,16.209,True,720.0,188.0,853.0,186.0,0.3004,False,5,-6.284595884462301,42.77011260056,-178.11614759536943,Center,Down,False,0.51,0.619,Looking Down
402,16.25,True,720.0,188.0,853.0,185.0,0.2971,False,5,-6.3471761554341715,41.30372544057328,-177.92127465941584,Center,Down,False,0.483,0.627,Looking Down
403,16.29,True,720.0,189.0,852.0,186.0,0.2975,False,5,-6.368629225644489,42.14561208405775,-177.58871389613373,Center,Down,False,0.484,0.617,Looking Down
404,16.33,True,720.0,190.0,853.0,187.0,0.3034,False,5,-6.417224052107164,40.30495881944173,-178.16916677475123,Center,Down,False,0.476,0.573,Looking Down
405,16.371,True,719.0,191.0,853.0,189.0,0.2927,False,5,-6.16169322494289,41.10632056656635,-177.90087941686457,Center,Down,False,0.494,0.624,Looking Down
406,16.411,True,720.0,192.0,853.0,190.0,0.3194,False,5,-5.865415657548124,40.77777073558515,-177.81583521997234,Center,Down,False,0.504,0.622,Looking Down
407,16.452,True,719.0,191.0,853.0,189.0,0.3058,False,5,-6.176750502515255,39.78488825024614,-178.59312621775584,Center,Down,False,0.502,0.619,Looking Down
408,16.492,True,719.0,191.0,853.0,189.0,0.3123,False,5,-6.718990954598741,39.16359092963274,-178.3073841539686,Center,Down,False,0.481,0.565,Looking Down
409,16.533,True,719.0,192.0,854.0,190.0,0.3146,False,5,-6.641273480796064,37.83823808593841,-178.6235471310863,Center,Down,False,0.495,0.562,Looking Down
410,16.573,True,719.0,194.0,854.0,191.0,0.3064,False,5,5.695995372364613,46.86341129940642,1.5061955820750645,Center,Down,False,0.496,0.588,Looking Down
411,16.613,True,718.0,196.0,853.0,193.0,0.32,False,5,-6.497984277388635,37.097603547951834,-178.4809947195144,Center,Down,False,0.487,0.546,Looking Down
412,16.654,True,718.0,197.0,852.0,194.0,0.3102,False,5,-6.519079393476663,36.23176902540103,-178.51495502202079,Center,Down,False,0.494,0.548,Looking Down
413,16.694,True,716.0,197.0,849.0,195.0,0.3198,False,5,-6.928246288144334,34.61999744505594,-178.7742652428066,Center,Down,False,0.492,0.564,Looking Down
414,16.735,True,714.0,198.0,848.0,196.0,0.3166,False,5,-7.301274109521087,34.47406014554045,-178.80018743596838,Center,Down,False,0.486,0.539,Looking Down
415,16.775,True,713.0,200.0,846.0,198.0,0.3189,False,5,-7.767171997819896,35.28846549667838,-179.1400777818886,Center,Down,False,0.487,0.512,Looking Down
416,16.816,True,712.0,204.0,846.0,202.0,0.3222,False,5,4.086506099954897,43.98975893450827,0.20504194723984262,Center,Down,False,0.501,0.538,Looking Down
417,16.856,True,710.0,208.0,845.0,206.0,0.3098,False,5,4.394777998112534,43.329468830437605,0.06255199013271799,Center,Down,False,0.496,0.536,Looking Down
418,16.896,True,710.0,211.0,845.0,208.0,0.3021,False,5,4.534600240310815,42.11902464871554,0.09437106890506815,Center,Down,False,0.515,0.575,Looking Down
419,16.937,True,709.0,213.0,846.0,210.0,0.296,False,5,4.204863912152441,40.72888302986036,-0.0048007140215855,Center,Down,False,0.495,0.582,Looking Down
420,16.977,True,709.0,214.0,845.0,212.0,0.2748,False,5,3.9373360565706834,40.08025307871458,0.040775302895898306,Center,Down,False,0.502,0.579,Looking Down
421,17.018,True,709.0,215.0,845.0,215.0,0.267,False,5,3.584543817275909,38.88067975632641,0.08644455046915789,Center,Down,False,0.485,0.507,Looking Down
422,17.058,True,709.0,219.0,845.0,219.0,0.2533,False,5,3.440180671159551,38.49426436193294,0.27655776491634226,Center,Down,False,0.502,0.517,Looking Down
423,17.098,True,709.0,222.0,844.0,221.0,0.252,False,5,3.0364081593024284,37.31313352064039,0.46373725893236484,Center,Down,False,0.498,0.511,Looking Down
424,17.139,True,709.0,225.0,845.0,225.0,0.2441,False,5,2.8597580564416134,36.93628503892333,0.5486271569108118,Center,Down,False,0.5,0.501,Looking Down
425,17.179,True,707.0,228.0,844.0,229.0,0.2391,False,5,3.557354647283015,36.03411271076037,0.8392071584073549,Center,Down,False,0.477,0.505,Looking Down
426,17.22,True,705.0,232.0,841.0,234.0,0.2332,False,5,4.552118353313325,35.42540957068903,1.2451396598242452,Center,Down,False,0.463,0.495,Looking Down
427,17.26,True,704.0,235.0,841.0,238.0,0.2245,False,5,3.581004551200512,34.08607374914115,1.2720099752069012,Center,Down,False,0.457,0.442,Looking Down
428,17.301,True,704.0,240.0,841.0,242.0,0.2275,False,5,3.336148551332612,33.361352154319306,1.3024405848260379,Center,Down,False,0.465,0.463,Looking Down
429,17.341,True,703.0,243.0,841.0,245.0,0.2317,False,5,4.176903550105378,32.61420420824546,1.7611026834358934,Center,Down,False,0.461,0.55,Looking Down
430,17.381,True,703.0,245.0,841.0,248.0,0.2336,False,5,-7.479950859736745,17.633205833276552,-177.72373967294737,Center,Down,False,0.457,0.504,Looking Down
431,17.422,True,703.0,249.0,841.0,252.0,0.2241,False,5,4.148119824128319,30.432618814484417,2.036973805080017,Center,Down,False,0.45,0.518,Looking Down
432,17.462,True,703.0,253.0,842.0,256.0,0.2183,True,6,-6.9945988985584835,12.930468216161179,-177.2003339444117,Center,Down,False,0.457,0.52,Blink
433,17.503,True,703.0,256.0,842.0,260.0,0.2303,False,6,-6.877422586441619,7.764240996031279,-176.99279547815536,Center,Center,True,0.457,0.548,Focused
434,17.543,True,701.0,261.0,841.0,266.0,0.2016,True,7,-6.660078343899119,8.779366467177711,-177.2415886251827,Center,Center,True,0.442,0.516,Blink
435,17.584,True,701.0,265.0,841.0,270.0,0.2019,False,7,-7.090049291256271,7.562851889587206,-176.68994540608136,Center,Center,True,0.436,0.546,Focused
436,17.624,True,701.0,268.0,841.0,275.0,0.1968,False,7,-7.146529225250328,2.204713776604388,-176.09902387406282,Closed,Closed,False,0.443,0.518,Looking Closed
437,17.664,True,702.0,272.0,841.0,279.0,0.1821,False,7,3.2247624723504646,24.27357496167405,3.447251021266456,Closed,Closed,False,0.441,0.468,Looking Closed
438,17.705,True,701.0,277.0,840.0,283.0,0.1983,False,7,-7.223803213183738,-7.0864729664123125,-175.3561164926867,Closed,Closed,False,0.423,0.511,Looking Closed
439,17.745,True,703.0,279.0,842.0,288.0,0.1786,False,7,-6.958520926593943,-14.849643167377103,-174.55530715228346,Closed,Closed,False,0.439,0.445,Eyes Closed
440,17.786,True,705.0,282.0,844.0,291.0,0.1714,False,7,-7.321038792029684,-17.95448282783198,-173.8242764513286,Closed,Closed,False,0.459,0.432,Eyes Closed
441,17.826,True,705.0,285.0,844.0,295.0,0.2081,False,7,-7.076375635401801,-18.378422310024558,-173.75671412883355,Center,Up,False,0.447,0.433,Looking Up
442,17.866,True,705.0,287.0,844.0,298.0,0.2134,False,7,-7.2925348369348155,-19.99048599422018,-173.51349241904305,Center,Up,False,0.456,0.45,Looking Up
443,17.907,True,706.0,288.0,844.0,300.0,0.2128,False,7,-7.177595829800788,-21.218826478958235,-173.43885873717366,Center,Up,False,0.462,0.434,Looking Up
444,17.947,True,705.0,289.0,845.0,300.0,0.1917,False,7,-7.212270829568499,-21.817472199388238,-173.5686315941963,Closed,Closed,False,0.467,0.402,Looking Closed
445,17.988,True,705.0,289.0,845.0,300.0,0.198,False,7,-7.1452883901889725,-22.904340345146586,-173.3422994205633,Closed,Closed,False,0.461,0.449,Looking Closed
446,18.028,True,705.0,288.0,844.0,300.0,0.1989,False,7,-7.036582180874927,-22.198930323964166,-173.52766457923067,Closed,Closed,False,0.459,0.432,Looking Closed
447,18.069,True,707.0,287.0,846.0,298.0,0.1812,False,7,-7.370482327560283,-21.919608639456953,-173.61155203640556,Closed,Closed,False,0.484,0.452,Looking Closed
448,18.109,True,705.0,285.0,847.0,295.0,0.2166,False,7,-7.320347808697215,-22.512547711289997,-173.48845684235675,Center,Up,False,0.465,0.457,Looking Up
449,18.149,True,705.0,284.0,847.0,294.0,0.2346,False,7,-7.2809799292413615,-22.73222431090643,-173.74064692567634,Center,Up,False,0.483,0.496,Looking Up
450,18.19,True,704.0,284.0,846.0,294.0,0.2418,False,7,-7.699542608484904,-23.14927948801898,-173.4575437907381,Center,Up,False,0.481,0.481,Looking Up
451,18.23,True,704.0,283.0,845.0,293.0,0.2367,False,7,-7.279642436765712,-22.862407065223437,-173.5489132452218,Center,Up,False,0.496,0.503,Looking Up
452,18.271,True,703.0,283.0,844.0,292.0,0.238,False,7,-7.155035715056471,-21.995436396595938,-173.62053630550312,Center,Up,False,0.485,0.496,Looking Up
453,18.311,True,703.0,282.0,844.0,292.0,0.2393,False,7,-7.299302099323915,-22.606944531788596,-173.70932165099657,Center,Up,False,0.5,0.498,Looking Up
454,18.352,True,702.0,283.0,843.0,292.0,0.2396,False,7,-7.69780597251012,-22.24155831641589,-173.66137446773433,Center,Up,False,0.485,0.507,Looking Up
455,18.392,True,701.0,283.0,842.0,293.0,0.2315,False,7,-7.1518104531583395,-23.078975803642326,-173.83970013893997,Center,Up,False,0.481,0.442,Looking Up
456,18.432,True,701.0,284.0,842.0,293.0,0.235,False,7,-7.433657836226798,-22.461885013668436,-173.9634593467099,Center,Up,False,0.48,0.47,Looking Up
457,18.473,True,701.0,283.0,842.0,293.0,0.2436,False,7,-7.467075168139006,-23.13576567333806,-173.65342158858527,Center,Up,False,0.479,0.467,Looking Up
458,18.513,True,700.0,283.0,842.0,293.0,0.2371,False,7,-7.480081694581127,-22.118489761354535,-173.9503636568726,Center,Up,False,0.488,0.501,Looking Up
459,18.554,True,699.0,283.0,842.0,292.0,0.2427,False,7,-7.232513332047334,-22.987206030928522,-174.1405444460597,Center,Up,False,0.486,0.485,Looking Up
460,18.594,True,699.0,284.0,840.0,292.0,0.2443,False,7,-7.527511853226368,-21.76518685646971,-173.99007318407578,Center,Up,False,0.482,0.493,Looking Up
461,18.634,True,698.0,284.0,840.0,293.0,0.2472,False,7,-7.616225771777132,-20.9638447974093,-174.26351792965397,Center,Up,False,0.485,0.5,Looking Up
462,18.675,True,697.0,284.0,839.0,292.0,0.2425,False,7,-7.244162285906031,-23.622596903493985,-174.4965902497119,Center,Up,False,0.488,0.519,Looking Up
463,18.715,True,696.0,285.0,839.0,292.0,0.2527,False,7,-7.3739029810747505,-22.821225980576976,-174.5228939185546,Center,Up,False,0.479,0.471,Looking Up
464,18.756,True,694.0,285.0,836.0,291.0,0.2496,False,7,-7.226124945713759,-23.911518833448792,-174.82107622980226,Center,Up,False,0.464,0.466,Looking Up
465,18.796,True,692.0,284.0,834.0,291.0,0.252,False,7,-6.949063888327634,-23.19368136190013,-175.2594622439484,Center,Up,False,0.471,0.469,Looking Up
466,18.837,True,690.0,284.0,832.0,291.0,0.2598,False,7,-7.3624606032726465,-20.879905576914535,-175.5387164111697,Center,Up,False,0.464,0.436,Looking Up
467,18.877,True,688.0,287.0,830.0,293.0,0.2598,False,7,-7.133742437569967,-21.26887149839867,-175.96273926799336,Center,Up,False,0.458,0.435,Looking Up
468,18.917,True,686.0,288.0,828.0,293.0,0.2637,False,7,-6.882199289950387,-22.463242392839103,-176.12225673577754,Center,Up,False,0.462,0.405,Looking Up
469,18.958,True,682.0,288.0,825.0,293.0,0.2625,False,7,-6.78820404957369,-21.809183105857436,-176.2177639048394,Center,Up,False,0.436,0.413,Looking Up
470,18.998,True,675.0,287.0,817.0,290.0,0.2489,False,7,-6.521347247802509,-21.60151289501122,-177.10424051555512,Left,Up,False,0.355,0.473,Looking Left
471,19.039,True,672.0,286.0,813.0,288.0,0.2619,False,7,-6.374152004820188,-22.041040274434636,-177.38986504760598,Left,Up,False,0.355,0.477,Looking Left
472,19.079,True,670.0,286.0,811.0,289.0,0.2618,False,7,-6.831118047648104,-21.201781152413005,-176.89544675830538,Left,Up,False,0.327,0.525,Looking Left
473,19.12,True,668.0,287.0,809.0,289.0,0.2658,False,7,-7.129742709757684,-20.051066669683824,-176.952142872251,Left,Up,False,0.341,0.495,Looking Left
474,19.16,True,667.0,288.0,808.0,289.0,0.2558,False,7,-7.213850907521221,-20.360759442068805,-176.80716333846468,Left,Up,False,0.339,0.483,Looking Left
475,19.2,True,665.0,287.0,805.0,288.0,0.2626,False,7,-7.042082474994327,-20.65470944202823,-176.94064548179736,Left,Up,False,0.329,0.514,Looking Left
476,19.241,True,664.0,286.0,804.0,287.0,0.2642,False,7,-6.95005443343185,-20.13465604427173,-177.3631679040145,Left,Up,False,0.347,0.488,Looking Left
477,19.281,True,663.0,284.0,803.0,285.0,0.2633,False,7,-7.74017113743629,-17.55856638970726,-177.159285178061,Left,Up,False,0.322,0.535,Looking Left
478,19.322,True,661.0,284.0,801.0,285.0,0.2539,False,7,-7.275464531038673,-18.443193430902383,-177.48053674990774,Left,Up,False,0.326,0.516,Looking Left
479,19.362,True,661.0,285.0,800.0,286.0,0.2582,False,7,-7.679449586903292,-17.8658150257531,-177.2639347507801,Left,Up,False,0.318,0.533,Looking Left
480,19.403,True,660.0,286.0,800.0,287.0,0.2561,False,7,-7.525810894175745,-17.98997178995698,-177.34307669473853,Left,Up,False,0.33,0.502,Looking Left
481,19.443,True,660.0,287.0,800.0,288.0,0.2631,False,7,-7.913614272017528,-18.49525946145557,-177.28158647264846,Left,Up,False,0.318,0.548,Looking Left
482,19.483,True,661.0,287.0,801.0,288.0,0.2613,False,7,-7.6792753139177465,-18.771673443404207,-177.40030861549283,Left,Up,False,0.327,0.518,Looking Left
483,19.524,True,661.0,286.0,801.0,288.0,0.2574,False,7,-7.742801021448537,-17.889691233130353,-177.40484169409234,Left,Up,False,0.312,0.542,Looking Left
484,19.564,True,664.0,287.0,805.0,287.0,0.2598,False,7,-7.73569973172307,-19.585450715744102,-177.1649266960467,Left,Up,False,0.352,0.487,Looking Left
485,19.605,True,671.0,286.0,811.0,287.0,0.2498,False,7,-8.062755677109685,-20.458040665946623,-176.60921118394492,Center,Up,False,0.459,0.476,Looking Up
486,19.645,True,671.0,286.0,812.0,287.0,0.2619,False,7,-7.797888089987485,-20.124113686116356,-176.81371075820937,Center,Up,False,0.454,0.454,Looking Up
487,19.685,True,673.0,287.0,812.0,287.0,0.2545,False,7,-8.20952577495049,-19.960413769506964,-176.6802347703397,Center,Up,False,0.467,0.476,Looking Up
488,19.726,True,674.0,287.0,813.0,288.0,0.2536,False,7,-7.7871206433824005,-21.537791499239347,-176.59138628214288,Center,Up,False,0.467,0.485,Looking Up
489,19.766,True,674.0,286.0,814.0,288.0,0.2655,False,7,-7.958227812933879,-20.13842216419907,-176.67658772718312,Center,Up,False,0.449,0.432,Looking Up
490,19.807,True,673.0,287.0,814.0,289.0,0.2635,False,7,-8.124881365203914,-20.594751497949563,-176.7118713972556,Center,Up,False,0.448,0.456,Looking Up
491,19.847,True,674.0,287.0,815.0,289.0,0.2629,False,7,-7.846276167281117,-21.726256721013943,-176.56725051285298,Center,Up,False,0.458,0.461,Looking Up
492,19.888,True,675.0,286.0,815.0,288.0,0.2637,False,7,-7.888652639884046,-20.704301884967553,-176.69379683264032,Center,Up,False,0.458,0.443,Looking Up
493,19.928,True,675.0,286.0,816.0,288.0,0.257,False,7,-7.50255032821235,-20.528751203676283,-176.521352843235,Center,Up,False,0.456,0.468,Looking Up
494,19.968,True,675.0,286.0,816.0,289.0,0.2628,False,7,-7.502384686759235,-20.839257759843296,-176.59057741482945,Center,Up,False,0.453,0.421,Looking Up
495,20.009,True,675.0,287.0,816.0,289.0,0.2632,False,7,-7.6810536266955465,-21.013553904427784,-176.44012405072152,Center,Up,False,0.458,0.432,Looking Up
496,20.049,True,675.0,288.0,815.0,289.0,0.2576,False,7,-7.479113989777598,-20.90575172476794,-176.579245604809,Center,Up,False,0.454,0.445,Looking Up
497,20.09,True,675.0,287.0,815.0,289.0,0.2587,False,7,-7.532131268042394,-21.174024664328726,-176.56338701542313,Center,Up,False,0.458,0.45,Looking Up
498,20.13,True,675.0,287.0,815.0,289.0,0.2625,False,7,-7.6164553680247185,-20.70897718261241,-176.34996996140984,Center,Up,False,0.46,0.46,Looking Up
